{
    "7": [
        [
            3356.9086900129696,
            1130.666666666667
        ],
        [
            3357.6433637284695,
            1415.3467578520772
        ],
        [
            3359.3451595159513,
            1605.8187568756875
        ]
    ],
    "6": [
        [
            2644.3006374665842,
            1218.581122763726
        ],
        [
            2445.3551273227804,
            1599.1043817389314
        ],
        [
            2637.6083247796696,
            1597.6021661416485
        ]
    ],
    "5": [
        [
            1863.9005847953217,
            1786.102014294997
        ],
        [
            1587.2489939637826,
            1404.1842723004697
        ],
        [
            1576.8173593440767,
            1785.4341249646595
        ]
    ],
    "1": [
        [
            1648.9414207650273,
            2666.6622950819674
        ],
        [
            1646.294147582697,
            3150.5442748091605
        ],
        [
            1647.1233224519403,
            2958.5981138919115
        ]
    ],
    "3": [
        [
            3543.427192982456,
            2977.4131578947367
        ],
        [
            3541.453038674033,
            3170.761817065684
        ],
        [
            3539.02284843869,
            3458.5397308961665
        ]
    ],
    "0": [
        [
            1031.989010989011,
            3431.44884004884
        ],
        [
            677.3701298701299,
            3429.9401154401157
        ],
        [
            679.5596563171255,
            3144.683850810389
        ]
    ],
    "4": [
        [
            610.5041128084606,
            1040.8196239717977
        ],
        [
            612.5787578757876,
            1235.3147314731477
        ],
        [
            615.538953488372,
            1570.2831395348835
        ]
    ],
    "2": [
        [
            2578.152600849257,
            3009.563694267516
        ],
        [
            2569.217662586993,
            3388.023518118551
        ],
        [
            2807.4169407894738,
            3391.1096491228072
        ]
    ]
}