{
    "7": [
        [
            3501.3358344702137,
            3110.113460663938
        ],
        [
            3505.718826953212,
            2827.379001567047
        ],
        [
            3509.0931586608444,
            2636.4112081513827
        ]
    ],
    "6": [
        [
            2768.693721817551,
            3001.9913284772806
        ],
        [
            2579.3906447534764,
            2638.203750526759
        ],
        [
            2766.36911332385,
            2633.501043148411
        ]
    ],
    "5": [
        [
            2000.7205854034275,
            2458.44983631812
        ],
        [
            1722.6301369863013,
            2835.5849315068494
        ],
        [
            1714.0088228964923,
            2460.1273940176457
        ]
    ],
    "1": [
        [
            1745.9755274261602,
            1644.9514767932487
        ],
        [
            1743.8402555910543,
            1177.0656017039403
        ],
        [
            1745.8210422812192,
            1363.880694854146
        ]
    ],
    "3": [
        [
            3627.354643206256,
            1343.3812316715544
        ],
        [
            3627.9250626566413,
            1154.7696741854636
        ],
        [
            3632.7858017135864,
            870.4520603835168
        ]
    ],
    "0": [
        [
            1119.8637808755195,
            893.5663976522377
        ],
        [
            782.2994201370585,
            882.698295554384
        ],
        [
            787.4892037786775,
            1164.5233918128654
        ]
    ],
    "4": [
        [
            754.2893324747799,
            3195.1266366172995
        ],
        [
            752.7032755298651,
            3010.018304431599
        ],
        [
            750.0930142050983,
            2687.4559252772915
        ]
    ],
    "2": [
        [
            2647.648977716517,
            1321.4718584883988
        ],
        [
            2653.252828546562,
            941.9823759791122
        ],
        [
            2898.2790895554135,
            939.8815145713677
        ]
    ]
}